{
  "Normal": {
    "precision": 0.9851485148514851,
    "recall": 0.9851485148514851,
    "f1-score": 0.9851485148514851,
    "support": 202.0
  },
  "Pneumonia": {
    "precision": 0.9948542024013722,
    "recall": 0.9948542024013722,
    "f1-score": 0.9948542024013722,
    "support": 583.0
  },
  "Tuberculosis": {
    "precision": 1.0,
    "recall": 1.0,
    "f1-score": 1.0,
    "support": 374.0
  },
  "accuracy": 0.994823123382226,
  "macro avg": {
    "precision": 0.9933342390842858,
    "recall": 0.9933342390842858,
    "f1-score": 0.9933342390842858,
    "support": 1159.0
  },
  "weighted avg": {
    "precision": 0.994823123382226,
    "recall": 0.994823123382226,
    "f1-score": 0.994823123382226,
    "support": 1159.0
  }
}