{
  "accuracy": 0.994823123382226,
  "precision_per_class": [
    0.9851485148514851,
    0.9948542024013722,
    1.0
  ],
  "recall_per_class": [
    0.9851485148514851,
    0.9948542024013722,
    1.0
  ],
  "f1_per_class": [
    0.9851485148514851,
    0.9948542024013722,
    1.0
  ],
  "support_per_class": [
    202,
    583,
    374
  ],
  "macro_precision": 0.9933342390842858,
  "macro_recall": 0.9933342390842858,
  "macro_f1": 0.9933342390842858,
  "weighted_precision": 0.994823123382226,
  "weighted_recall": 0.994823123382226,
  "weighted_f1": 0.994823123382226,
  "auc_per_class": [
    0.999901714309362,
    0.9999344863731656,
    1.0
  ],
  "macro_auc": 0.9999454002275092,
  "weighted_auc": 0.9999499153115158,
  "confusion_matrix": [
    [
      199,
      3,
      0
    ],
    [
      3,
      580,
      0
    ],
    [
      0,
      0,
      374
    ]
  ],
  "per_class_accuracy": [
    0.9851485148514851,
    0.9948542024013722,
    1.0
  ]
}