{
  "train_losses": [
    3.6523306539072795,
    1.0224941300569907,
    0.5703516821720811,
    0.4839983418522175,
    0.4385830515869218,
    0.3889634288301287,
    0.3348640838096237,
    0.2457733128297779,
    0.2651841663100358,
    0.2095806786874315,
    0.21529932527738976,
    0.2453164326988961,
    0.16846786130476804,
    0.19873153900931495,
    0.16104602521379124,
    0.14712858110782137,
    0.1372159121700425,
    0.15875729251436713,
    0.13576746329641848,
    0.13112374674297927,
    0.11334435974682941,
    0.09898255492570739,
    0.11467480009527571,
    0.09691875320799467,
    0.0791614233344118,
    0.06953008038169554
  ],
  "val_losses": [
    0.2786150434458742,
    0.32279049643890373,
    0.3309430142752912,
    0.15294876999052442,
    0.16972383198812835,
    0.26317517090183173,
    0.08872111808860894,
    0.06513188332019587,
    0.14079930436999966,
    0.08525428281935925,
    0.18252300287763945,
    0.1029371094729719,
    0.0891636669713007,
    0.06269032827567692,
    0.19085913655340245,
    0.0536972835716081,
    0.06320777707688278,
    0.07838869375378414,
    0.05432911371742827,
    0.08769184907510144,
    0.06478132975034438,
    0.053844086603213936,
    0.06423946687100074,
    0.05932728407546532,
    0.0912189668612008,
    0.08657844853648348
  ],
  "train_accuracies": [
    64.21967455621302,
    85.52144970414201,
    90.7914201183432,
    92.71449704142012,
    92.95488165680473,
    93.87943786982248,
    94.5266272189349,
    94.91494082840237,
    94.73002958579882,
    95.37721893491124,
    95.91346153846153,
    96.0983727810651,
    96.59763313609467,
    96.76405325443787,
    96.69008875739645,
    97.15236686390533,
    97.55917159763314,
    97.17085798816568,
    97.50369822485207,
    97.89201183431953,
    97.87352071005917,
    97.91050295857988,
    97.70710059171597,
    98.03994082840237,
    98.48372781065089,
    98.42825443786982
  ],
  "val_accuracies": [
    95.08196721311475,
    95.08196721311475,
    96.28990509059534,
    97.23899913718724,
    97.58412424503882,
    97.15271786022433,
    98.27437446074202,
    98.10181190681622,
    97.75668679896462,
    97.92924935289042,
    98.10181190681622,
    98.18809318377912,
    98.27437446074202,
    98.53321829163072,
    97.58412424503882,
    98.61949956859361,
    98.44693701466781,
    98.27437446074202,
    98.36065573770492,
    98.18809318377912,
    98.36065573770492,
    98.61949956859361,
    98.27437446074202,
    98.53321829163072,
    98.36065573770492,
    98.27437446074202
  ],
  "best_val_score": 0.9821082621082621,
  "bias_detection": {
    "train": {
      "label_balance": {
        "normal": {
          "count": 944,
          "percentage": 17.45562130177515
        },
        "pneumonia": {
          "count": 2718,
          "percentage": 50.25887573964497
        },
        "tuberculosis": {
          "count": 1746,
          "percentage": 32.28550295857988
        }
      }
    },
    "validation": {
      "label_balance": {
        "normal": {
          "count": 203,
          "percentage": 17.515099223468507
        },
        "pneumonia": {
          "count": 582,
          "percentage": 50.21570319240725
        },
        "tuberculosis": {
          "count": 374,
          "percentage": 32.26919758412424
        }
      }
    },
    "test": {
      "label_balance": {
        "normal": {
          "count": 202,
          "percentage": 17.42881794650561
        },
        "pneumonia": {
          "count": 583,
          "percentage": 50.30198446937014
        },
        "tuberculosis": {
          "count": 374,
          "percentage": 32.26919758412424
        }
      }
    }
  }
}